OutputValues[0], 11,
OutputValues[1], 0,
OutputValues[2], 0,
OutputValues[3], 0,
OutputValues[4], 0,
OutputValues[5], 0,
OutputValues[6], 0,
OutputValues[7], 0,
OutputValues[8], 0,
OutputValues[9], 0,
OutputValues[10], 0,
OutputValues[11], 0,
OutputValues[12], 0,
OutputValues[13], 0,
OutputValues[14], 0,
OutputValues[15], 0,
OutputValues[16], 0,
OutputValues[17], 0,
OutputValues[18], 0,
OutputValues[19], 0,
OutputValues[20], 0,
OutputValues[21], 0,
OutputValues[22], 0,
OutputValues[23], 0,
OutputValues[24], 0,
OutputValues[25], 0,
OutputValues[26], 0,
OutputValues[27], 0,
OutputValues[28], 0,
OutputValues[29], 0,
OutputValues[30], 0,
OutputValues[31], 0,
OutputValues[32], 0,
OutputValues[33], 0,
OutputValues[34], 0,
OutputValues[35], 0,
OutputValues[36], 0,
OutputValues[37], 0,
OutputValues[38], 0,
OutputValues[39], 0,
OutputValues[40], 0,
OutputValues[41], 0,
OutputValues[42], 0,
OutputValues[43], 0,
OutputValues[44], 0,
OutputValues[45], 0,
OutputValues[46], 0,
OutputValues[47], 0,
OutputValues[48], 0,
OutputValues[49], 0,
OutputValues[50], 0,
OutputValues[51], 0,
OutputValues[52], 0,
OutputValues[53], 0,
OutputValues[54], 0,
OutputValues[55], 0,
OutputValues[56], 0,
OutputValues[57], 0,
OutputValues[58], 0,
OutputValues[59], 0,
OutputValues[60], 0,
OutputValues[61], 0,
OutputValues[62], 0,
OutputValues[63], 0,
OutputValues[64], 0,
OutputValues[65], 0,
OutputValues[66], 0,
OutputValues[67], 0,
OutputValues[68], 0,
OutputValues[69], 0,
OutputValues[70], 0,
OutputValues[71], 0,
OutputValues[72], 0,
OutputValues[73], 0,
OutputValues[74], 0,
OutputValues[75], 0,
OutputValues[76], 0,
OutputValues[77], 1,
OutputValues[78], 0,
OutputValues[79], 0,
OutputValues[80], 0,
OutputValues[81], 0,
OutputValues[82], 0,
OutputValues[83], 0,
OutputValues[84], 0,
OutputValues[85], 0,
OutputValues[86], 0,
OutputValues[87], 0,
OutputValues[88], 0,
OutputValues[89], 0,
OutputValues[90], 0,
OutputValues[91], 0,
OutputValues[92], 0,
OutputValues[93], 0,
OutputValues[94], 0,
OutputValues[95], 0,
OutputValues[96], 0,
OutputValues[97], 0,
OutputValues[98], 0,
OutputValues[99], 0,
OutputValues[100], 0,
OutputValues[101], 0,
OutputValues[102], 0,
OutputValues[103], 0,
OutputValues[104], 0,
OutputValues[105], 0,
OutputValues[106], 0,
OutputValues[107], 0,
OutputValues[108], 0,
OutputValues[109], 0,
OutputValues[110], 0,
OutputValues[111], 0,
OutputValues[112], 0,
OutputValues[113], 0,
OutputValues[114], 0,
OutputValues[115], 0,
OutputValues[116], 0,
OutputValues[117], 0,
OutputValues[118], 0,
OutputValues[119], 0,
OutputValues[120], 0,
OutputValues[121], 0,
OutputValues[122], 0,
OutputValues[123], 0,
OutputValues[124], 0,
OutputValues[125], 0,
OutputValues[126], 0,
OutputValues[127], 0,
OutputValues[128], 0,
OutputValues[129], 0,
OutputValues[130], 0,
OutputValues[131], 0,
OutputValues[132], 0,
OutputValues[133], 0,
OutputValues[134], 0,
OutputValues[135], 0,
OutputValues[136], 0,
OutputValues[137], 0,
OutputValues[138], 0,
OutputValues[139], 0,
OutputValues[140], 0,
OutputValues[141], 0,
OutputValues[142], 0,
OutputValues[143], 0,
OutputValues[144], 0,
OutputValues[145], 0,
OutputValues[146], 0,
OutputValues[147], 0,
OutputValues[148], 0,
OutputValues[149], 0,
OutputValues[150], 0,
OutputValues[151], 0,
OutputValues[152], 0,
OutputValues[153], 0,
OutputValues[154], 1,
OutputValues[155], 7,
OutputValues[156], 0,
OutputValues[157], 0,
OutputValues[158], 0,
OutputValues[159], 0,
OutputValues[160], 0,
OutputValues[161], 0,
OutputValues[162], 0,
OutputValues[163], 0,
OutputValues[164], 0,
OutputValues[165], 0,
OutputValues[166], 0,
OutputValues[167], 0,
OutputValues[168], 0,
OutputValues[169], 0,
OutputValues[170], 0,
OutputValues[171], 0,
OutputValues[172], 0,
OutputValues[173], 0,
OutputValues[174], 0,
OutputValues[175], 0,
OutputValues[176], 0,
OutputValues[177], 0,
OutputValues[178], 0,
OutputValues[179], 0,
OutputValues[180], 0,
OutputValues[181], 0,
OutputValues[182], 0,
OutputValues[183], 0,
OutputValues[184], 0,
OutputValues[185], 0,
OutputValues[186], 0,
OutputValues[187], 0,
OutputValues[188], 0,
OutputValues[189], 0,
OutputValues[190], 0,
OutputValues[191], 0,
OutputValues[192], 0,
OutputValues[193], 0,
OutputValues[194], 0,
OutputValues[195], 0,
OutputValues[196], 0,
OutputValues[197], 0,
OutputValues[198], 0,
OutputValues[199], 0,
OutputValues[200], 0,
OutputValues[201], 0,
OutputValues[202], 0,
OutputValues[203], 0,
OutputValues[204], 0,
OutputValues[205], 0,
OutputValues[206], 0,
OutputValues[207], 0,
OutputValues[208], 0,
OutputValues[209], 0,
OutputValues[210], 0,
OutputValues[211], 0,
OutputValues[212], 0,
OutputValues[213], 0,
OutputValues[214], 0,
OutputValues[215], 0,
OutputValues[216], 0,
OutputValues[217], 0,
OutputValues[218], 0,
OutputValues[219], 0,
OutputValues[220], 0,
OutputValues[221], 0,
OutputValues[222], 0,
OutputValues[223], 0,
OutputValues[224], 0,
OutputValues[225], 0,
OutputValues[226], 0,
OutputValues[227], 0,
OutputValues[228], 0,
OutputValues[229], 0,
OutputValues[230], 1,
OutputValues[231], 2,
OutputValues[232], 16,
OutputValues[233], 10,
OutputValues[234], 3,
OutputValues[235], 1,
OutputValues[236], 0,
OutputValues[237], 0,
OutputValues[238], 0,
OutputValues[239], 0,
OutputValues[240], 0,
OutputValues[241], 0,
OutputValues[242], 0,
OutputValues[243], 0,
OutputValues[244], 0,
OutputValues[245], 0,
OutputValues[246], 0,
OutputValues[247], 0,
OutputValues[248], 0,
OutputValues[249], 0,
OutputValues[250], 0,
OutputValues[251], 0,
OutputValues[252], 0,
OutputValues[253], 0,
OutputValues[254], 0,
OutputValues[255], 0,
OutputValues[256], 0,
OutputValues[257], 0,
OutputValues[258], 0,
OutputValues[259], 0,
OutputValues[260], 0,
OutputValues[261], 0,
OutputValues[262], 0,
OutputValues[263], 0,
OutputValues[264], 0,
OutputValues[265], 0,
OutputValues[266], 0,
OutputValues[267], 0,
OutputValues[268], 0,
OutputValues[269], 0,
OutputValues[270], 0,
OutputValues[271], 0,
OutputValues[272], 0,
OutputValues[273], 0,
OutputValues[274], 0,
OutputValues[275], 0,
OutputValues[276], 0,
OutputValues[277], 0,
OutputValues[278], 0,
OutputValues[279], 0,
OutputValues[280], 0,
OutputValues[281], 0,
OutputValues[282], 0,
OutputValues[283], 0,
OutputValues[284], 0,
OutputValues[285], 0,
OutputValues[286], 0,
OutputValues[287], 0,
OutputValues[288], 0,
OutputValues[289], 0,
OutputValues[290], 0,
OutputValues[291], 0,
OutputValues[292], 0,
OutputValues[293], 0,
OutputValues[294], 0,
OutputValues[295], 0,
OutputValues[296], 0,
OutputValues[297], 0,
OutputValues[298], 0,
OutputValues[299], 0,
OutputValues[300], 0,
OutputValues[301], 0,
OutputValues[302], 0,
OutputValues[303], 0,
OutputValues[304], 0,
OutputValues[305], 0,
OutputValues[306], 0,
OutputValues[307], 0,
OutputValues[308], 1,
OutputValues[309], 9,
OutputValues[310], 185,
OutputValues[311], 11,
OutputValues[312], 1,
OutputValues[313], 1,
OutputValues[314], 1,
OutputValues[315], 0,
OutputValues[316], 0,
OutputValues[317], 0,
OutputValues[318], 0,
OutputValues[319], 0,
OutputValues[320], 0,
OutputValues[321], 0,
OutputValues[322], 0,
OutputValues[323], 0,
OutputValues[324], 0,
OutputValues[325], 0,
OutputValues[326], 0,
OutputValues[327], 0,
OutputValues[328], 0,
OutputValues[329], 0,
OutputValues[330], 0,
OutputValues[331], 0,
OutputValues[332], 0,
OutputValues[333], 0,
OutputValues[334], 0,
OutputValues[335], 0,
OutputValues[336], 0,
OutputValues[337], 0,
OutputValues[338], 0,
OutputValues[339], 0,
OutputValues[340], 0,
OutputValues[341], 0,
OutputValues[342], 0,
OutputValues[343], 0,
OutputValues[344], 0,
OutputValues[345], 0,
OutputValues[346], 0,
OutputValues[347], 0,
OutputValues[348], 0,
OutputValues[349], 0,
OutputValues[350], 0,
OutputValues[351], 0,
OutputValues[352], 0,
OutputValues[353], 0,
OutputValues[354], 0,
OutputValues[355], 0,
OutputValues[356], 0,
OutputValues[357], 0,
OutputValues[358], 0,
OutputValues[359], 0,
OutputValues[360], 0,
OutputValues[361], 0,
OutputValues[362], 0,
OutputValues[363], 0,
OutputValues[364], 0,
OutputValues[365], 0,
OutputValues[366], 0,
OutputValues[367], 0,
OutputValues[368], 0,
OutputValues[369], 0,
OutputValues[370], 0,
OutputValues[371], 0,
OutputValues[372], 0,
OutputValues[373], 0,
OutputValues[374], 0,
OutputValues[375], 0,
OutputValues[376], 0,
OutputValues[377], 0,
OutputValues[378], 0,
OutputValues[379], 0,
OutputValues[380], 0,
OutputValues[381], 0,
OutputValues[382], 0,
OutputValues[383], 0,
OutputValues[384], 0,
OutputValues[385], 0,
OutputValues[386], 1,
OutputValues[387], 1,
OutputValues[388], 29,
OutputValues[389], 5,
OutputValues[390], 1,
OutputValues[391], 0,
OutputValues[392], 0,
OutputValues[393], 0,
OutputValues[394], 0,
OutputValues[395], 0,
OutputValues[396], 0,
OutputValues[397], 0,
OutputValues[398], 0,
OutputValues[399], 0,
OutputValues[400], 0,
OutputValues[401], 0,
OutputValues[402], 0,
OutputValues[403], 0,
OutputValues[404], 0,
OutputValues[405], 0,
OutputValues[406], 0,
OutputValues[407], 0,
OutputValues[408], 0,
OutputValues[409], 0,
OutputValues[410], 0,
OutputValues[411], 0,
OutputValues[412], 0,
OutputValues[413], 0,
OutputValues[414], 0,
OutputValues[415], 0,
OutputValues[416], 0,
OutputValues[417], 0,
OutputValues[418], 0,
OutputValues[419], 0,
OutputValues[420], 0,
OutputValues[421], 0,
OutputValues[422], 0,
OutputValues[423], 0,
OutputValues[424], 0,
OutputValues[425], 0,
OutputValues[426], 0,
OutputValues[427], 0,
OutputValues[428], 0,
OutputValues[429], 0,
OutputValues[430], 0,
OutputValues[431], 0,
OutputValues[432], 0,
OutputValues[433], 0,
OutputValues[434], 0,
OutputValues[435], 0,
OutputValues[436], 0,
OutputValues[437], 0,
OutputValues[438], 0,
OutputValues[439], 0,
OutputValues[440], 0,
OutputValues[441], 0,
OutputValues[442], 0,
OutputValues[443], 0,
OutputValues[444], 0,
OutputValues[445], 0,
OutputValues[446], 0,
OutputValues[447], 0,
OutputValues[448], 0,
OutputValues[449], 0,
OutputValues[450], 0,
OutputValues[451], 0,
OutputValues[452], 0,
OutputValues[453], 0,
OutputValues[454], 0,
OutputValues[455], 0,
OutputValues[456], 0,
OutputValues[457], 0,
OutputValues[458], 0,
OutputValues[459], 0,
OutputValues[460], 0,
OutputValues[461], 0,
OutputValues[462], 0,
OutputValues[463], 0,
OutputValues[464], 0,
OutputValues[465], 5,
OutputValues[466], 23,
OutputValues[467], 3,
OutputValues[468], 1,
OutputValues[469], 0,
OutputValues[470], 0,
OutputValues[471], 0,
OutputValues[472], 0,
OutputValues[473], 0,
OutputValues[474], 0,
OutputValues[475], 0,
OutputValues[476], 0,
OutputValues[477], 0,
OutputValues[478], 0,
OutputValues[479], 0,
OutputValues[480], 0,
OutputValues[481], 0,
OutputValues[482], 0,
OutputValues[483], 0,
OutputValues[484], 0,
OutputValues[485], 0,
OutputValues[486], 0,
OutputValues[487], 0,
OutputValues[488], 0,
OutputValues[489], 0,
OutputValues[490], 0,
OutputValues[491], 0,
OutputValues[492], 0,
OutputValues[493], 0,
OutputValues[494], 0,
OutputValues[495], 0,
OutputValues[496], 0,
OutputValues[497], 0,
OutputValues[498], 0,
OutputValues[499], 0,
OutputValues[500], 0,
OutputValues[501], 0,
OutputValues[502], 0,
OutputValues[503], 0,
OutputValues[504], 0,
OutputValues[505], 0,
OutputValues[506], 0,
OutputValues[507], 0,
OutputValues[508], 0,
OutputValues[509], 0,
OutputValues[510], 0,
OutputValues[511], 0,
OutputValues[512], 0x0000,
OutputValues[513], 0x0000,
OutputValues[514], 0x0000,
OutputValues[515], 0x0000,
OutputValues[516], 0x0000,
OutputValues[517], 0x0000,
OutputValues[518], 0x0000,
OutputValues[519], 0x0000,
OutputValues[520], 0x0000,
OutputValues[521], 0x0000,
OutputValues[522], 0x0000,
OutputValues[523], 0x0000,
OutputValues[524], 0x0000,
OutputValues[525], 0x0000,
OutputValues[526], 0x0000,
OutputValues[527], 0x0000,
OutputValues[528], 0x0000,
OutputValues[529], 0x0000,
OutputValues[530], 0x0000,
OutputValues[531], 0x0000,
OutputValues[532], 0x0000,
OutputValues[533], 0x0000,
OutputValues[534], 0x0000,
OutputValues[535], 0x0000,
OutputValues[536], 0x0000,
OutputValues[537], 0x0000,
OutputValues[538], 0x0000,
OutputValues[539], 0x0000,
OutputValues[540], 0x0000,
OutputValues[541], 0x0000,
OutputValues[542], 0x0000,
OutputValues[543], 0x0002,
OutputValues[544], 0x0008,
OutputValues[545], 0x0002,
OutputValues[546], 0x0000,
OutputValues[547], 0x0000,
OutputValues[548], 0x0000,
OutputValues[549], 0x0000,
OutputValues[550], 0x0000,
OutputValues[551], 0x0000,
OutputValues[552], 0x0000,
OutputValues[553], 0x0000,
OutputValues[554], 0x0000,
OutputValues[555], 0x0000,
OutputValues[556], 0x0000,
OutputValues[557], 0x0000,
OutputValues[558], 0x0000,
OutputValues[559], 0x0000,
OutputValues[560], 0x0000,
OutputValues[561], 0x0000,
OutputValues[562], 0x0000,
OutputValues[563], 0x0000,
OutputValues[564], 0x0000,
OutputValues[565], 0x0000,
OutputValues[566], 0x0000,
OutputValues[567], 0x0000,
OutputValues[568], 0x0000,
OutputValues[569], 0x0000,
OutputValues[570], 0x0000,
OutputValues[571], 0x0000,
OutputValues[572], 0x0000,
OutputValues[573], 0x0000,
OutputValues[574], 0x0000,
OutputValues[575], 0x0000,
OutputValues[576], 0x0000,
OutputValues[577], 0x0000,
OutputValues[578], 0x0000,
OutputValues[579], 0x0000,
OutputValues[580], 0x0000,
OutputValues[581], 0x0000,
OutputValues[582], 0x0000,
OutputValues[583], 0x0000,
OutputValues[584], 0x0000,
OutputValues[585], 0x0000,
OutputValues[586], 0x0000,
OutputValues[587], 0x0000,
OutputValues[588], 0x0000,
OutputValues[589], 0x0000,
OutputValues[590], 0x0000,
OutputValues[591], 0x0000,
OutputValues[592], 0x0000,
OutputValues[593], 0x0000,
OutputValues[594], 0x0000,
OutputValues[595], 0x0000,
OutputValues[596], 0x0000,
OutputValues[597], 0x0000,
OutputValues[598], 0x0000,
OutputValues[599], 0x0000,
OutputValues[600], 0x0000,
OutputValues[601], 0x0000,
OutputValues[602], 0x0000,
OutputValues[603], 0x0000,
OutputValues[604], 0x0000,
OutputValues[605], 0x0000,
OutputValues[606], 0x0000,
OutputValues[607], 0x0000,
OutputValues[608], 0x0000,
OutputValues[609], 0x0000,
OutputValues[610], 0x0000,
OutputValues[611], 0x0000,
OutputValues[612], 0x0000,
OutputValues[613], 0x0000,
OutputValues[614], 0x0001,
OutputValues[615], 0x0001,
OutputValues[616], 0x0000,
OutputValues[617], 0x0000,
OutputValues[618], 0x0000,
OutputValues[619], 0x0000,
OutputValues[620], 0x0000,
OutputValues[621], 0x0001,
OutputValues[622], 0x0004,
OutputValues[623], 0x003B,
OutputValues[624], 0x000E,
OutputValues[625], 0x0003,
OutputValues[626], 0x0001,
OutputValues[627], 0x0000,
OutputValues[628], 0x0001,
OutputValues[629], 0x0000,
OutputValues[630], 0x0000,
OutputValues[631], 0x0000,
OutputValues[632], 0x0001,
OutputValues[633], 0x0000,
OutputValues[634], 0x0000,
OutputValues[635], 0x0000,
OutputValues[636], 0x0000,
OutputValues[637], 0x0000,
OutputValues[638], 0x0000,
OutputValues[639], 0x0000,
OutputValues[640], 0x0000,
OutputValues[641], 0x0000,
OutputValues[642], 0x0000,
OutputValues[643], 0x0000,
OutputValues[644], 0x0000,
OutputValues[645], 0x0000,
OutputValues[646], 0x0000,
OutputValues[647], 0x0000,
OutputValues[648], 0x0000,
OutputValues[649], 0x0000,
OutputValues[650], 0x0000,
OutputValues[651], 0x0000,
OutputValues[652], 0x0000,
OutputValues[653], 0x0000,
OutputValues[654], 0x0000,
OutputValues[655], 0x0000,
OutputValues[656], 0x0000,
OutputValues[657], 0x0000,
OutputValues[658], 0x0000,
OutputValues[659], 0x0000,
OutputValues[660], 0x0000,
OutputValues[661], 0x0000,
OutputValues[662], 0x0000,
OutputValues[663], 0x0000,
OutputValues[664], 0x0000,
OutputValues[665], 0x0000,
OutputValues[666], 0x0000,
OutputValues[667], 0x0000,
OutputValues[668], 0x0000,
OutputValues[669], 0x0000,
OutputValues[670], 0x0000,
OutputValues[671], 0x0000,
OutputValues[672], 0x0000,
OutputValues[673], 0x0000,
OutputValues[674], 0x0000,
OutputValues[675], 0x0000,
OutputValues[676], 0x0000,
OutputValues[677], 0x0000,
OutputValues[678], 0x0000,
OutputValues[679], 0x0000,
OutputValues[680], 0x0000,
OutputValues[681], 0x0000,
OutputValues[682], 0x0000,
OutputValues[683], 0x0000,
OutputValues[684], 0x0000,
OutputValues[685], 0x0000,
OutputValues[686], 0x0000,
OutputValues[687], 0x0000,
OutputValues[688], 0x0000,
OutputValues[689], 0x0000,
OutputValues[690], 0x0000,
OutputValues[691], 0x0000,
OutputValues[692], 0x0000,
OutputValues[693], 0x0000,
OutputValues[694], 0x0000,
OutputValues[695], 0x0000,
OutputValues[696], 0x0000,
OutputValues[697], 0x0000,
OutputValues[698], 0x0000,
OutputValues[699], 0x0000,
OutputValues[700], 0x0000,
OutputValues[701], 0x0000,
OutputValues[702], 0x0003,
OutputValues[703], 0x0001,
OutputValues[704], 0x0000,
OutputValues[705], 0x0000,
OutputValues[706], 0x0000,
OutputValues[707], 0x0000,
OutputValues[708], 0x0000,
OutputValues[709], 0x0000,
OutputValues[710], 0x0000,
OutputValues[711], 0x0000,
OutputValues[712], 0x0000,
OutputValues[713], 0x0000,
OutputValues[714], 0x0000,
OutputValues[715], 0x0000,
OutputValues[716], 0x0000,
OutputValues[717], 0x0000,
OutputValues[718], 0x0000,
OutputValues[719], 0x0000,
OutputValues[720], 0x0000,
OutputValues[721], 0x0000,
OutputValues[722], 0x0000,
OutputValues[723], 0x0000,
OutputValues[724], 0x0000,
OutputValues[725], 0x0000,
OutputValues[726], 0x0000,
OutputValues[727], 0x0000,
OutputValues[728], 0x0000,
OutputValues[729], 0x0000,
OutputValues[730], 0x0000,
OutputValues[731], 0x0000,
OutputValues[732], 0x0000,
OutputValues[733], 0x0000,
OutputValues[734], 0x0000,
OutputValues[735], 0x0000,
OutputValues[736], 0x0000,
OutputValues[737], 0x0000,
OutputValues[738], 0x0000,
OutputValues[739], 0x0000,
OutputValues[740], 0x0000,
OutputValues[741], 0x0000,
OutputValues[742], 0x0000,
OutputValues[743], 0x0000,
OutputValues[744], 0x0000,
OutputValues[745], 0x0000,
OutputValues[746], 0x0000,
OutputValues[747], 0x0000,
OutputValues[748], 0x0000,
OutputValues[749], 0x0000,
OutputValues[750], 0x0000,
OutputValues[751], 0x0000,
OutputValues[752], 0x0000,
OutputValues[753], 0x0000,
OutputValues[754], 0x0000,
OutputValues[755], 0x0000,
OutputValues[756], 0x0000,
OutputValues[757], 0x0000,
OutputValues[758], 0x0000,
OutputValues[759], 0x0000,
OutputValues[760], 0x0000,
OutputValues[761], 0x0000,
OutputValues[762], 0x0000,
OutputValues[763], 0x0000,
OutputValues[764], 0x0000,
OutputValues[765], 0x0000,
OutputValues[766], 0x0000,
OutputValues[767], 0x0000,
OutputValues[768], 0x0000,
OutputValues[769], 0x0000,
OutputValues[770], 0x0000,
OutputValues[771], 0x0000,
OutputValues[772], 0x0000,
OutputValues[773], 0x0000,
OutputValues[774], 0x0000,
OutputValues[775], 0x0001,
OutputValues[776], 0x0002,
OutputValues[777], 0x0001,
OutputValues[778], 0x0001,
OutputValues[779], 0x0000,
OutputValues[780], 0x0000,
OutputValues[781], 0x0001,
OutputValues[782], 0x0001,
OutputValues[783], 0x0000,
OutputValues[784], 0x0000,
OutputValues[785], 0x0000,
OutputValues[786], 0x0000,
OutputValues[787], 0x0000,
OutputValues[788], 0x0000,
OutputValues[789], 0x0000,
OutputValues[790], 0x0000,
OutputValues[791], 0x0000,
OutputValues[792], 0x0000,
OutputValues[793], 0x0000,
OutputValues[794], 0x0000,
OutputValues[795], 0x0000,
OutputValues[796], 0x0000,
OutputValues[797], 0x0000,
OutputValues[798], 0x0000,
OutputValues[799], 0x0000,
OutputValues[800], 0x0000,
OutputValues[801], 0x0000,
OutputValues[802], 0x0000,
OutputValues[803], 0x0000,
OutputValues[804], 0x0000,
OutputValues[805], 0x0000,
OutputValues[806], 0x0000,
OutputValues[807], 0x0000,
OutputValues[808], 0x0000,
OutputValues[809], 0x0000,
OutputValues[810], 0x0000,
OutputValues[811], 0x0000,
OutputValues[812], 0x0000,
OutputValues[813], 0x0000,
OutputValues[814], 0x0000,
OutputValues[815], 0x0000,
OutputValues[816], 0x0000,
OutputValues[817], 0x0000,
OutputValues[818], 0x0000,
OutputValues[819], 0x0000,
OutputValues[820], 0x0000,
OutputValues[821], 0x0000,
OutputValues[822], 0x0000,
OutputValues[823], 0x0000,
OutputValues[824], 0x0000,
OutputValues[825], 0x0000,
OutputValues[826], 0x0000,
OutputValues[827], 0x0000,
OutputValues[828], 0x0000,
OutputValues[829], 0x0000,
OutputValues[830], 0x0000,
OutputValues[831], 0x0000,
OutputValues[832], 0x0000,
OutputValues[833], 0x0000,
OutputValues[834], 0x0000,
OutputValues[835], 0x0000,
OutputValues[836], 0x0000,
OutputValues[837], 0x0000,
OutputValues[838], 0x0000,
OutputValues[839], 0x0000,
OutputValues[840], 0x0000,
OutputValues[841], 0x0000,
OutputValues[842], 0x0000,
OutputValues[843], 0x0000,
OutputValues[844], 0x0000,
OutputValues[845], 0x0000,
OutputValues[846], 0x0000,
OutputValues[847], 0x0000,
OutputValues[848], 0x0000,
OutputValues[849], 0x0000,
OutputValues[850], 0x0000,
OutputValues[851], 0x0000,
OutputValues[852], 0x0000,
OutputValues[853], 0x0000,
OutputValues[854], 0x0000,
OutputValues[855], 0x0000,
OutputValues[856], 0x0000,
OutputValues[857], 0x0000,
OutputValues[858], 0x0000,
OutputValues[859], 0x0000,
OutputValues[860], 0x0000,
OutputValues[861], 0x0000,
OutputValues[862], 0x0000,
OutputValues[863], 0x0000,
OutputValues[864], 0x0000,
OutputValues[865], 0x0000,
OutputValues[866], 0x0000,
OutputValues[867], 0x0000,
OutputValues[868], 0x0000,
OutputValues[869], 0x0000,
OutputValues[870], 0x0000,
OutputValues[871], 0x0000,
OutputValues[872], 0x0000,
OutputValues[873], 0x0000,
OutputValues[874], 0x0000,
OutputValues[875], 0x0000,
OutputValues[876], 0x0000,
OutputValues[877], 0x0000,
OutputValues[878], 0x0000,
OutputValues[879], 0x0000,
OutputValues[880], 0x0000,
OutputValues[881], 0x0000,
OutputValues[882], 0x0000,
OutputValues[883], 0x0000,
OutputValues[884], 0x0000,
OutputValues[885], 0x0000,
OutputValues[886], 0x0000,
OutputValues[887], 0x0000,
OutputValues[888], 0x0000,
OutputValues[889], 0x0000,
OutputValues[890], 0x0000,
OutputValues[891], 0x0000,
OutputValues[892], 0x0000,
OutputValues[893], 0x0000,
OutputValues[894], 0x0000,
OutputValues[895], 0x0000,
OutputValues[896], 0x0000,
OutputValues[897], 0x0000,
OutputValues[898], 0x0000,
OutputValues[899], 0x0000,
OutputValues[900], 0x0000,
OutputValues[901], 0x0000,
OutputValues[902], 0x0000,
OutputValues[903], 0x0000,
OutputValues[904], 0x0000,
OutputValues[905], 0x0000,
OutputValues[906], 0x0000,
OutputValues[907], 0x0000,
OutputValues[908], 0x0000,
OutputValues[909], 0x0000,
OutputValues[910], 0x0000,
OutputValues[911], 0x0000,
OutputValues[912], 0x0000,
OutputValues[913], 0x0000,
OutputValues[914], 0x0000,
OutputValues[915], 0x0000,
OutputValues[916], 0x0000,
OutputValues[917], 0x0000,
OutputValues[918], 0x0000,
OutputValues[919], 0x0000,
OutputValues[920], 0x0000,
OutputValues[921], 0x0000,
OutputValues[922], 0x0000,
OutputValues[923], 0x0000,
OutputValues[924], 0x0000,
OutputValues[925], 0x0000,
OutputValues[926], 0x0000,
OutputValues[927], 0x0000,
OutputValues[928], 0x0000,
OutputValues[929], 0x0000,
OutputValues[930], 0x0000,
OutputValues[931], 0x0000,
OutputValues[932], 0x0000,
OutputValues[933], 0x0000,
OutputValues[934], 0x0000,
OutputValues[935], 0x0000,
OutputValues[936], 0x0000,
OutputValues[937], 0x0000,
OutputValues[938], 0x0000,
OutputValues[939], 0x0000,
OutputValues[940], 0x0000,
OutputValues[941], 0x0000,
OutputValues[942], 0x0000,
OutputValues[943], 0x0000,
OutputValues[944], 0x0000,
OutputValues[945], 0x0000,
OutputValues[946], 0x0000,
OutputValues[947], 0x0000,
OutputValues[948], 0x0000,
OutputValues[949], 0x0000,
OutputValues[950], 0x0000,
OutputValues[951], 0x0000,
OutputValues[952], 0x0000,
OutputValues[953], 0x0000,
OutputValues[954], 0x0000,
OutputValues[955], 0x0000,
OutputValues[956], 0x0000,
OutputValues[957], 0x0000,
OutputValues[958], 0x0000,
OutputValues[959], 0x0000,
OutputValues[960], 0x0000,
OutputValues[961], 0x0000,
OutputValues[962], 0x0000,
OutputValues[963], 0x0000,
OutputValues[964], 0x0000,
OutputValues[965], 0x0000,
OutputValues[966], 0x0000,
OutputValues[967], 0x0000,
OutputValues[968], 0x0000,
OutputValues[969], 0x0000,
OutputValues[970], 0x0000,
OutputValues[971], 0x0000,
OutputValues[972], 0x0000,
OutputValues[973], 0x0000,
OutputValues[974], 0x0000,
OutputValues[975], 0x0000,
OutputValues[976], 0x0000,
OutputValues[977], 0x0000,
OutputValues[978], 0x0000,
OutputValues[979], 0x0000,
OutputValues[980], 0x0000,
OutputValues[981], 0x0000,
OutputValues[982], 0x0000,
OutputValues[983], 0x0000,
OutputValues[984], 0x0000,
OutputValues[985], 0x0000,
OutputValues[986], 0x0000,
OutputValues[987], 0x0000,
OutputValues[988], 0x0000,
OutputValues[989], 0x0000,
OutputValues[990], 0x0000,
OutputValues[991], 0x0000,
OutputValues[992], 0x0000,
OutputValues[993], 0x0000,
OutputValues[994], 0x0000,
OutputValues[995], 0x0000,
OutputValues[996], 0x0000,
OutputValues[997], 0x0000,
OutputValues[998], 0x0000,
OutputValues[999], 0x0000,
OutputValues[1000], 0x0000,
OutputValues[1001], 0x0000,
OutputValues[1002], 0x0000,
OutputValues[1003], 0x0000,
OutputValues[1004], 0x0000,
OutputValues[1005], 0x0000,
OutputValues[1006], 0x0000,
OutputValues[1007], 0x0000,
OutputValues[1008], 0x0000,
OutputValues[1009], 0x0000,
OutputValues[1010], 0x0000,
OutputValues[1011], 0x0000,
OutputValues[1012], 0x0000,
OutputValues[1013], 0x0000,
OutputValues[1014], 0x0000,
OutputValues[1015], 0x0000,
OutputValues[1016], 0x0000,
OutputValues[1017], 0x0000,
OutputValues[1018], 0x0000,
OutputValues[1019], 0x0000,
OutputValues[1020], 0x0000,
OutputValues[1021], 0x0000,
OutputValues[1022], 0x0000,
OutputValues[1023], 0x0000,
